{
    "resultStatus": {
        "resultCode": 0,
        "resultName": null,
        "resultMessage": null,
        "flowType": "NONE",
        "detailResult": "N/A"
    },
    "contextUrlAppIdContextList": [
        {
            "appId": 29670,
            "appName": "hesabim android",
            "contextUrl": "https://digitalgate.turkcell.com.tr/digitalgate_hesabim"
        },
        {
            "appId": 29680,
            "appName": "hesabim ios",
            "contextUrl": "https://digitalgate.turkcell.com.tr/digitalgate_hesabim"
        },
        {
            "appId": 15749,
            "appName": "fizy ios",
            "contextUrl": "https://digitalgate.turkcell.com.tr/digitalgate_fizy"
        },
        {
            "appId": 49842,
            "appName": "fizy android",
            "contextUrl": "https://digitalgate.turkcell.com.tr/digitalgate_fizy"
        },
        {
            "appId": 104,
            "appName": "turkcelltv",
            "contextUrl": "https://digitalgate.turkcell.com.tr/digitalgate_app"
        },
        {
            "appId": 105,
            "appName": "dergilik",
            "contextUrl": "https://digitalgate.turkcell.com.tr/digitalgate_app"
        }
    ]
}