{
    "resultStatus": {
        "resultCode": 0,
        "resultName": null,
        "resultMessage": null,
        "flowType": "NONE",
        "detailResult": "N/A"
    },
    "contextUrlAppIdContextList": [
        {
            "appId": 101,
            "appName": "hesabim android",
            "contextUrl": "https://digitalgate-tst.turkcell.com.tr/digitalgate_hesabim"
        },
        {
            "appId": 102,
            "appName": "hesabim ios",
            "contextUrl": "https://digitalgate-tst.turkcell.com.tr/digitalgate_hesabim"
        },
        {
            "appId": 103,
            "appName": "fizy",
            "contextUrl": "https://digitalgate-tst.turkcell.com.tr/digitalgate_fizy"
        },
        {
            "appId": 104,
            "appName": "turkcelltv",
            "contextUrl": "https://digitalgate-tst.turkcell.com.tr/digitalgate_app"
        },
        {
            "appId": 105,
            "appName": "dergilik",
            "contextUrl": "https://digitalgate-tst.turkcell.com.tr/digitalgate_app"
        }
    ]
}